,Model,Accuracy,AUC,Recall,Prec.,F1,Kappa,MCC,TT (Sec)
rf,Random Forest Classifier,0.7931,0.8314,0.6008,0.8042,0.6871,0.5375,0.5507,0.076
et,Extra Trees Classifier,0.7591,0.8016,0.6038,0.7156,0.6547,0.4719,0.4761,0.076
gbc,Gradient Boosting Classifier,0.7474,0.7763,0.4453,0.7989,0.5715,0.4124,0.4479,0.112
knn,K Neighbors Classifier,0.74,0.7512,0.5275,0.7122,0.6058,0.4181,0.4289,0.44
ada,Ada Boost Classifier,0.6934,0.7073,0.3766,0.6702,0.4819,0.2877,0.312,0.056
lr,Logistic Regression,0.6937,0.6982,0.3615,0.6807,0.4721,0.2836,0.312,0.578
ridge,Ridge Classifier,0.6943,0.6971,0.3457,0.6938,0.4613,0.2798,0.313,0.03
lda,Linear Discriminant Analysis,0.6943,0.6971,0.3517,0.689,0.4656,0.2816,0.313,0.046
dt,Decision Tree Classifier,0.6923,0.6722,0.5894,0.5941,0.5914,0.3447,0.345,0.378
nb,Naive Bayes,0.6697,0.6657,0.1962,0.7385,0.3085,0.1799,0.248,0.444
svm,SVM - Linear Kernel,0.6266,0.6314,0.4453,0.508,0.4713,0.1861,0.1883,0.036
qda,Quadratic Discriminant Analysis,0.5177,0.5699,0.6196,0.4852,0.4664,0.083,0.0966,0.03
dummy,Dummy Classifier,0.6214,0.5,0.0,0.0,0.0,0.0,0.0,0.032
