max-features,min-samples-leaf,n-estimators,TrainingJobName,TrainingJobStatus,FinalObjectiveValue,TrainingStartTime,TrainingEndTime,TrainingElapsedTimeSeconds
0.7986555812281954,1.0,593.0,mushroom-rf-tune-261010-2120-010-e9f7021e,Completed,0.8500000238418579,2026-10-10 21:33:08+00:00,2026-10-10 21:36:07+00:00,179.0
0.18335677441678375,2.0,500.0,mushroom-rf-tune-261010-2120-011-ed0fff34,Completed,0.8497999906539917,2026-10-10 21:33:31+00:00,2026-10-10 21:35:05+00:00,94.0
0.7270962679759541,2.0,543.0,mushroom-rf-tune-261010-2120-009-c26fb81e,Completed,0.8495000004768372,2026-10-10 21:30:44+00:00,2026-10-10 21:33:18+00:00,154.0
0.7108886307292337,3.0,600.0,mushroom-rf-tune-261010-2120-008-07c73aa3,Completed,0.8471999764442444,2026-10-10 21:30:06+00:00,2026-10-10 21:32:45+00:00,159.0
0.744998603181779,2.0,512.0,mushroom-rf-tune-261010-2120-012-4226c984,Completed,0.847100019454956,2026-10-10 21:35:21+00:00,2026-10-10 21:37:50+00:00,149.0
0.5370285442787481,1.0,600.0,mushroom-rf-tune-261010-2120-006-cf507bf4,Completed,0.8468000292778015,2026-10-10 21:27:20+00:00,2026-10-10 21:29:44+00:00,144.0
0.6012488499418853,4.0,550.0,mushroom-rf-tune-261010-2120-003-4c40adac,Completed,0.84579998254776,2026-10-10 21:23:52+00:00,2026-10-10 21:26:06+00:00,134.0
0.47364044362760094,4.0,597.0,mushroom-rf-tune-261010-2120-007-5798f605,Completed,0.8453999757766724,2026-10-10 21:28:22+00:00,2026-10-10 21:30:31+00:00,129.0
0.3431415358596813,4.0,454.0,mushroom-rf-tune-261010-2120-002-f55a499e,Completed,0.8434000015258789,2026-10-10 21:21:24+00:00,2026-10-10 21:23:33+00:00,129.0
0.20998916981475518,8.0,206.0,mushroom-rf-tune-261010-2120-004-2f78b581,Completed,0.8299999833106995,2026-10-10 21:25:53+00:00,2026-10-10 21:27:02+00:00,69.0
0.330656656402354,12.0,504.0,mushroom-rf-tune-261010-2120-005-da5906f5,Completed,0.8273000121116638,2026-10-10 21:26:21+00:00,2026-10-10 21:28:00+00:00,99.0
0.2712524225167733,14.0,444.0,mushroom-rf-tune-261010-2120-001-120f4215,Completed,0.8166000247001648,2026-10-10 21:23:25+00:00,2026-10-10 21:25:28+00:00,123.0
